{"cameraMode":{"drawMode":0,"name":"Shaded","section":"Shading Mode"},"sceneLighting":false,"audioPlay":false,"sceneViewState":{"showFog":true,"showMaterialUpdate":false,"showSkybox":false,"showFlares":true,"showImageEffects":true,"showParticleSystems":true},"in2DMode":false,"pivot":{"x":-58.0099983215332,"y":12.180000305175782,"z":82.0199966430664},"rotation":{"x":0.08100006729364395,"y":0.9127748012542725,"z":-0.33598408102989199,"w":0.21881945431232453},"size":2.1078853607177736,"orthographic":false}